{
  "ortho_path": "outputs/orthomosaics_shifted/orthomosaic_with_gcps_shifted.tif",
  "basemap_path": "outputs/qualicum_beach_basemap_esri.tif",
  "num_bands": 3,
  "bands": {
    "band_1": {
      "rmse": 10.349085595711362,
      "mae": 155.84058272632674,
      "similarity": 0.41792781270774787,
      "seamlines": {
        "total_pixels": 52371,
        "seamline_pixels": "6116",
        "seamline_percentage": 11.678218861583701,
        "max_gradient": 135.70648193359375,
        "mean_gradient": 5.429457664489746,
        "gradient_std": 17.158166885375977
      },
      "errors_2d": {
        "method": "sift",
        "mean_offset_x": 7.99081563949585,
        "mean_offset_y": 21.375873565673828,
        "rmse_2d": 104.67453002929688,
        "num_matches": 5,
        "match_confidence": 0.01774388737976551,
        "offsets": [
          [
            33.84125900268555,
            113.3012924194336
          ],
          [
            95.58712768554688,
            111.79949951171875
          ],
          [
            0.37387847900390625,
            10.348434448242188
          ],
          [
            -8.101203918457031,
            -109.25611877441406
          ],
          [
            -81.74699401855469,
            -19.313743591308594
          ]
        ]
      }
    },
    "band_2": {
      "rmse": 10.199513529089328,
      "mae": 146.77934857934858,
      "similarity": 0.47109719118500487,
      "seamlines": {
        "total_pixels": 52371,
        "seamline_pixels": "5622",
        "seamline_percentage": 10.734948731168013,
        "max_gradient": 135.70648193359375,
        "mean_gradient": 5.165412902832031,
        "gradient_std": 16.82111358642578
      },
      "errors_2d": {}
    },
    "band_3": {
      "rmse": 10.249314323681396,
      "mae": 154.13098620833046,
      "similarity": 0.5006028312915785,
      "seamlines": {
        "total_pixels": 52371,
        "seamline_pixels": "6136",
        "seamline_percentage": 11.716407935689599,
        "max_gradient": 135.70648193359375,
        "mean_gradient": 5.5313825607299805,
        "gradient_std": 17.505102157592773
      },
      "errors_2d": {}
    }
  },
  "overall": {
    "rmse": 10.265971149494028,
    "mae": 152.25030583800194,
    "similarity": 0.46320927839477705,
    "seamline_percentage": 11.376525176147103,
    "errors_2d": {
      "mean_offset_x_pixels": 7.99081563949585,
      "mean_offset_y_pixels": 21.375873565673828,
      "rmse_2d_pixels": 104.67453002929688,
      "num_matches": 5,
      "match_confidence": 0.01774388737976551,
      "method": "sift"
    }
  }
}