{
  "ortho_path": "outputs/orthomosaics_shifted/orthomosaic_no_gcps_shifted.tif",
  "basemap_path": "outputs/qualicum_beach_basemap_esri.tif",
  "num_bands": 3,
  "bands": {
    "band_1": {
      "rmse": 10.405919703025143,
      "mae": 158.474590449634,
      "similarity": 0.37149375038245136,
      "seamlines": {
        "total_pixels": 52371,
        "seamline_pixels": "6263",
        "seamline_percentage": 11.958908556262054,
        "max_gradient": 122.57650756835938,
        "mean_gradient": 5.225350379943848,
        "gradient_std": 16.262550354003906
      },
      "errors_2d": {
        "method": "orb",
        "mean_offset_x": 4.995928764343262,
        "mean_offset_y": 24.847126007080078,
        "rmse_2d": 44.53431701660156,
        "num_matches": 11,
        "match_confidence": 0.074091337621212,
        "offsets": [
          [
            -33.1199951171875,
            63.00000762939453
          ],
          [
            -7.5999908447265625,
            -10.999996185302734
          ],
          [
            23.0,
            43.0
          ],
          [
            1.0,
            34.0
          ],
          [
            70.84800720214844,
            21.772811889648438
          ],
          [
            27.09918212890625,
            -4.974418640136719
          ],
          [
            -2.399993896484375,
            33.839996337890625
          ],
          [
            -2.399993896484375,
            32.400001525878906
          ],
          [
            23.807998657226562,
            -3.1200027465820312
          ],
          [
            -39.279998779296875,
            45.400001525878906
          ],
          [
            -6.0,
            19.0
          ]
        ]
      }
    },
    "band_2": {
      "rmse": 10.376468660922264,
      "mae": 151.42577962577963,
      "similarity": 0.3593981066702775,
      "seamlines": {
        "total_pixels": 52371,
        "seamline_pixels": "5757",
        "seamline_percentage": 10.992724981382826,
        "max_gradient": 122.57650756835938,
        "mean_gradient": 4.983199119567871,
        "gradient_std": 15.950743675231934
      },
      "errors_2d": {}
    },
    "band_3": {
      "rmse": 10.343256305509179,
      "mae": 156.88689444867975,
      "similarity": 0.36169811522054796,
      "seamlines": {
        "total_pixels": 52371,
        "seamline_pixels": "6245",
        "seamline_percentage": 11.924538389566745,
        "max_gradient": 122.57650756835938,
        "mean_gradient": 5.325291156768799,
        "gradient_std": 16.596961975097656
      },
      "errors_2d": {}
    }
  },
  "overall": {
    "rmse": 10.375214889818862,
    "mae": 155.59575484136448,
    "similarity": 0.3641966574244256,
    "seamline_percentage": 11.625390642403877,
    "errors_2d": {
      "mean_offset_x_pixels": 4.995928764343262,
      "mean_offset_y_pixels": 24.847126007080078,
      "rmse_2d_pixels": 44.53431701660156,
      "num_matches": 11,
      "match_confidence": 0.074091337621212,
      "method": "orb"
    }
  }
}