{
  "ortho_path": "outputs/orthomosaics/orthomosaic_with_gcps.tif",
  "basemap_path": "outputs/qualicum_beach_basemap_osm.tif",
  "num_bands": 3,
  "bands": {
    "band_1": {
      "rmse": 9.953468288154776,
      "mae": 106.41055045871559,
      "similarity": 0.3629973072064972,
      "seamlines": {
        "total_pixels": 52371,
        "seamline_pixels": 5349,
        "seamline_percentage": 10.213667869622501,
        "max_gradient": 180.31222534179688,
        "mean_gradient": 6.193458080291748,
        "gradient_std": 19.953889846801758
      },
      "errors_2d": {}
    },
    "band_2": {
      "rmse": 9.61872039878963,
      "mae": 104.7653383027523,
      "similarity": 0.4434368713328317,
      "seamlines": {
        "total_pixels": 52371,
        "seamline_pixels": 4892,
        "seamline_percentage": 9.341047526302726,
        "max_gradient": 180.31222534179688,
        "mean_gradient": 5.852673053741455,
        "gradient_std": 19.49152946472168
      },
      "errors_2d": {}
    },
    "band_3": {
      "rmse": 9.87759445072673,
      "mae": 99.98616685779817,
      "similarity": 0.44894767830662885,
      "seamlines": {
        "total_pixels": 52371,
        "seamline_pixels": 5376,
        "seamline_percentage": 10.265223119665464,
        "max_gradient": 180.31222534179688,
        "mean_gradient": 6.319214344024658,
        "gradient_std": 20.37948226928711
      },
      "errors_2d": {}
    }
  },
  "overall": {
    "rmse": 9.816594379223714,
    "mae": 103.72068520642203,
    "similarity": 0.4184606189486526,
    "seamline_percentage": 9.939979505196897,
    "errors_2d": {}
  }
}