{
  "ortho_path": "outputs/orthomosaics_gcp_aligned/orthomosaic_no_gcps_gcp_aligned.tif",
  "basemap_path": "outputs/qualicum_beach_basemap_esri.tif",
  "num_bands": 3,
  "bands": {
    "band_1": {
      "rmse": 10.21522968078509,
      "mae": 155.13159403669724,
      "similarity": 0.5404610962382913,
      "seamlines": {
        "total_pixels": 52371,
        "seamline_pixels": "5353",
        "seamline_percentage": 10.221305684443681,
        "max_gradient": 180.31222534179688,
        "mean_gradient": 6.201480388641357,
        "gradient_std": 19.97943878173828
      },
      "errors_2d": {
        "method": "orb",
        "mean_offset_x": 0.8955742120742798,
        "mean_offset_y": -16.451732635498047,
        "rmse_2d": 25.969079971313477,
        "num_matches": 15,
        "match_confidence": 0.10313502699136734,
        "offsets": [
          [
            0.0,
            0.0
          ],
          [
            -1.3247909545898438,
            -43.430397033691406
          ],
          [
            6.768001556396484,
            -44.68798828125
          ],
          [
            1.0,
            1.0
          ],
          [
            -1.0,
            0.0
          ],
          [
            1.9999923706054688,
            -13.400001525878906
          ],
          [
            0.480010986328125,
            -35.519989013671875
          ],
          [
            -2.0,
            0.0
          ],
          [
            1.0,
            0.0
          ],
          [
            5.0,
            -39.0
          ],
          [
            10.598396301269531,
            -52.47362518310547
          ],
          [
            0.2400054931640625,
            -11.519996643066406
          ],
          [
            1.0,
            1.0
          ],
          [
            -1.1999969482421875,
            1.1999969482421875
          ],
          [
            -9.128005981445312,
            -9.944007873535156
          ]
        ]
      }
    },
    "band_2": {
      "rmse": 10.095689679991105,
      "mae": 146.65818520642202,
      "similarity": 0.5670222109639808,
      "seamlines": {
        "total_pixels": 52371,
        "seamline_pixels": "4894",
        "seamline_percentage": 9.344866433713314,
        "max_gradient": 180.31222534179688,
        "mean_gradient": 5.862626552581787,
        "gradient_std": 19.515869140625
      },
      "errors_2d": {}
    },
    "band_3": {
      "rmse": 10.143048959288523,
      "mae": 156.95125797433874,
      "similarity": 0.6071612641004557,
      "seamlines": {
        "total_pixels": 52371,
        "seamline_pixels": "5369",
        "seamline_percentage": 10.251856943728399,
        "max_gradient": 180.31222534179688,
        "mean_gradient": 6.326008319854736,
        "gradient_std": 20.406185150146484
      },
      "errors_2d": {}
    }
  },
  "overall": {
    "rmse": 10.151322773354906,
    "mae": 152.91367907248602,
    "similarity": 0.5715481904342425,
    "seamline_percentage": 9.939343020628465,
    "errors_2d": {
      "mean_offset_x_pixels": 0.8955742120742798,
      "mean_offset_y_pixels": -16.451732635498047,
      "rmse_2d_pixels": 25.969079971313477,
      "num_matches": 15,
      "match_confidence": 0.10313502699136734,
      "method": "orb"
    }
  }
}