{
  "report_metadata": {
    "generated_at": "2025-12-02T15:58:33.843044",
    "basemap_source": "ESRI World Imagery",
    "comparison_type": "with_gcps_vs_without_gcps"
  },
  "orthomosaic_with_gcps": {
    "ortho_path": "outputs/orthomosaics/orthomosaic_with_gcps.tif",
    "basemap_path": "outputs/qualicum_beach_basemap_esri.tif",
    "num_bands": 3,
    "bands": {
      "band_1": {
        "rmse": 10.223383011822555,
        "mae": 155.143563646789,
        "similarity": 0.5408202252370236,
        "seamlines": {
          "total_pixels": 52371,
          "seamline_pixels": 5349,
          "seamline_percentage": 10.213667869622501,
          "max_gradient": 180.31222534179688,
          "mean_gradient": 6.193458080291748,
          "gradient_std": 19.953889846801758
        },
        "errors_2d": {
          "method": "orb",
          "mean_offset_x": -1.9765714406967163,
          "mean_offset_y": -5.6605706214904785,
          "rmse_2d": 18.69572639465332,
          "num_matches": 14,
          "match_confidence": 0.10916506499052048,
          "offsets": [
            [
              0.0,
              0.0
            ],
            [
              -46.08000183105469,
              -15.839996337890625
            ],
            [
              6.768001556396484,
              -44.68798828125
            ],
            [
              1.0,
              1.0
            ],
            [
              -1.0,
              0.0
            ],
            [
              1.9999923706054688,
              -13.400001525878906
            ],
            [
              1.0,
              0.0
            ],
            [
              1.0,
              0.0
            ],
            [
              11.0,
              4.0
            ],
            [
              -2.0,
              0.0
            ],
            [
              0.2400054931640625,
              -11.519996643066406
            ],
            [
              -0.20000457763671875,
              2.399993896484375
            ],
            [
              -2.399993896484375,
              -1.1999969482421875
            ],
            [
              1.0,
              0.0
            ]
          ]
        }
      },
      "band_2": {
        "rmse": 10.089656855350215,
        "mae": 146.51978211009174,
        "similarity": 0.5673050603439429,
        "seamlines": {
          "total_pixels": 52371,
          "seamline_pixels": 4892,
          "seamline_percentage": 9.341047526302726,
          "max_gradient": 180.31222534179688,
          "mean_gradient": 5.852673053741455,
          "gradient_std": 19.49152946472168
        },
        "errors_2d": {}
      },
      "band_3": {
        "rmse": 10.166113681885445,
        "mae": 156.56755788115547,
        "similarity": 0.6075152852945346,
        "seamlines": {
          "total_pixels": 52371,
          "seamline_pixels": 5376,
          "seamline_percentage": 10.265223119665464,
          "max_gradient": 180.31222534179688,
          "mean_gradient": 6.319214344024658,
          "gradient_std": 20.37948226928711
        },
        "errors_2d": {}
      }
    },
    "overall": {
      "rmse": 10.159717849686071,
      "mae": 152.7436345460121,
      "similarity": 0.5718801902918337,
      "seamline_percentage": 9.939979505196897,
      "errors_2d": {
        "mean_offset_x_pixels": -1.9765714406967163,
        "mean_offset_y_pixels": -5.6605706214904785,
        "rmse_2d_pixels": 18.69572639465332,
        "num_matches": 14,
        "match_confidence": 0.10916506499052048,
        "method": "orb"
      }
    }
  },
  "orthomosaic_without_gcps": {
    "ortho_path": "outputs/orthomosaics/orthomosaic_no_gcps.tif",
    "basemap_path": "outputs/qualicum_beach_basemap_esri.tif",
    "num_bands": 3,
    "bands": {
      "band_1": {
        "rmse": 10.21522968078509,
        "mae": 155.13159403669724,
        "similarity": 0.5404610962382913,
        "seamlines": {
          "total_pixels": 52371,
          "seamline_pixels": 5353,
          "seamline_percentage": 10.221305684443681,
          "max_gradient": 180.31222534179688,
          "mean_gradient": 6.201480388641357,
          "gradient_std": 19.97943878173828
        },
        "errors_2d": {
          "method": "orb",
          "mean_offset_x": 0.8955742120742798,
          "mean_offset_y": -16.451732635498047,
          "rmse_2d": 25.969079971313477,
          "num_matches": 15,
          "match_confidence": 0.10313502699136734,
          "offsets": [
            [
              0.0,
              0.0
            ],
            [
              -1.3247909545898438,
              -43.430397033691406
            ],
            [
              6.768001556396484,
              -44.68798828125
            ],
            [
              1.0,
              1.0
            ],
            [
              -1.0,
              0.0
            ],
            [
              1.9999923706054688,
              -13.400001525878906
            ],
            [
              0.480010986328125,
              -35.519989013671875
            ],
            [
              -2.0,
              0.0
            ],
            [
              1.0,
              0.0
            ],
            [
              5.0,
              -39.0
            ],
            [
              10.598396301269531,
              -52.47362518310547
            ],
            [
              0.2400054931640625,
              -11.519996643066406
            ],
            [
              1.0,
              1.0
            ],
            [
              -1.1999969482421875,
              1.1999969482421875
            ],
            [
              -9.128005981445312,
              -9.944007873535156
            ]
          ]
        }
      },
      "band_2": {
        "rmse": 10.095689679991105,
        "mae": 146.65818520642202,
        "similarity": 0.5670222109639808,
        "seamlines": {
          "total_pixels": 52371,
          "seamline_pixels": 4894,
          "seamline_percentage": 9.344866433713314,
          "max_gradient": 180.31222534179688,
          "mean_gradient": 5.862626552581787,
          "gradient_std": 19.515869140625
        },
        "errors_2d": {}
      },
      "band_3": {
        "rmse": 10.143048959288523,
        "mae": 156.95125797433874,
        "similarity": 0.6071612641004557,
        "seamlines": {
          "total_pixels": 52371,
          "seamline_pixels": 5369,
          "seamline_percentage": 10.251856943728399,
          "max_gradient": 180.31222534179688,
          "mean_gradient": 6.326008319854736,
          "gradient_std": 20.406185150146484
        },
        "errors_2d": {}
      }
    },
    "overall": {
      "rmse": 10.151322773354906,
      "mae": 152.91367907248602,
      "similarity": 0.5715481904342425,
      "seamline_percentage": 9.939343020628465,
      "errors_2d": {
        "mean_offset_x_pixels": 0.8955742120742798,
        "mean_offset_y_pixels": -16.451732635498047,
        "rmse_2d_pixels": 25.969079971313477,
        "num_matches": 15,
        "match_confidence": 0.10313502699136734,
        "method": "orb"
      }
    }
  },
  "comparison": {
    "rmse_improvement": {
      "percentage": -0.08269933405330049,
      "absolute": -0.00839507633116554,
      "with_gcps": 10.159717849686071,
      "without_gcps": 10.151322773354906
    },
    "mae_improvement": {
      "percentage": 0.11120295287207332,
      "absolute": 0.1700445264739301,
      "with_gcps": 152.7436345460121,
      "without_gcps": 152.91367907248602
    },
    "similarity_improvement": {
      "percentage": 0.05808781536669629,
      "absolute": 0.0003319998575911365,
      "with_gcps": 0.5718801902918337,
      "without_gcps": 0.5715481904342425
    },
    "seamline_reduction": {
      "percentage": -0.006403688524590615,
      "absolute": -0.0006364845684316833,
      "with_gcps": 9.939979505196897,
      "without_gcps": 9.939343020628465
    }
  }
}