{
  "report_metadata": {
    "generated_at": "2025-12-02T15:58:48.403562",
    "basemap_source": "OpenStreetMap",
    "comparison_type": "with_gcps_vs_without_gcps"
  },
  "orthomosaic_with_gcps": {
    "ortho_path": "outputs/orthomosaics/orthomosaic_with_gcps.tif",
    "basemap_path": "outputs/qualicum_beach_basemap_osm.tif",
    "num_bands": 3,
    "bands": {
      "band_1": {
        "rmse": 9.953468288154776,
        "mae": 106.41055045871559,
        "similarity": 0.3629973072064972,
        "seamlines": {
          "total_pixels": 52371,
          "seamline_pixels": 5349,
          "seamline_percentage": 10.213667869622501,
          "max_gradient": 180.31222534179688,
          "mean_gradient": 6.193458080291748,
          "gradient_std": 19.953889846801758
        },
        "errors_2d": {}
      },
      "band_2": {
        "rmse": 9.61872039878963,
        "mae": 104.7653383027523,
        "similarity": 0.4434368713328317,
        "seamlines": {
          "total_pixels": 52371,
          "seamline_pixels": 4892,
          "seamline_percentage": 9.341047526302726,
          "max_gradient": 180.31222534179688,
          "mean_gradient": 5.852673053741455,
          "gradient_std": 19.49152946472168
        },
        "errors_2d": {}
      },
      "band_3": {
        "rmse": 9.87759445072673,
        "mae": 99.98616685779817,
        "similarity": 0.44894767830662885,
        "seamlines": {
          "total_pixels": 52371,
          "seamline_pixels": 5376,
          "seamline_percentage": 10.265223119665464,
          "max_gradient": 180.31222534179688,
          "mean_gradient": 6.319214344024658,
          "gradient_std": 20.37948226928711
        },
        "errors_2d": {}
      }
    },
    "overall": {
      "rmse": 9.816594379223714,
      "mae": 103.72068520642203,
      "similarity": 0.4184606189486526,
      "seamline_percentage": 9.939979505196897,
      "errors_2d": {}
    }
  },
  "orthomosaic_without_gcps": {
    "ortho_path": "outputs/orthomosaics/orthomosaic_no_gcps.tif",
    "basemap_path": "outputs/qualicum_beach_basemap_osm.tif",
    "num_bands": 3,
    "bands": {
      "band_1": {
        "rmse": 9.999043102153106,
        "mae": 106.39858084862385,
        "similarity": 0.36308094931983204,
        "seamlines": {
          "total_pixels": 52371,
          "seamline_pixels": 5353,
          "seamline_percentage": 10.221305684443681,
          "max_gradient": 180.31222534179688,
          "mean_gradient": 6.201480388641357,
          "gradient_std": 19.97943878173828
        },
        "errors_2d": {}
      },
      "band_2": {
        "rmse": 9.621860711683883,
        "mae": 104.51842029816514,
        "similarity": 0.4435165876214848,
        "seamlines": {
          "total_pixels": 52371,
          "seamline_pixels": 4894,
          "seamline_percentage": 9.344866433713314,
          "max_gradient": 180.31222534179688,
          "mean_gradient": 5.862626552581787,
          "gradient_std": 19.515869140625
        },
        "errors_2d": {}
      },
      "band_3": {
        "rmse": 9.880645233453016,
        "mae": 100.0395642201835,
        "similarity": 0.4491634828633625,
        "seamlines": {
          "total_pixels": 52371,
          "seamline_pixels": 5369,
          "seamline_percentage": 10.251856943728399,
          "max_gradient": 180.31222534179688,
          "mean_gradient": 6.326008319854736,
          "gradient_std": 20.406185150146484
        },
        "errors_2d": {}
      }
    },
    "overall": {
      "rmse": 9.833849682430001,
      "mae": 103.6521884556575,
      "similarity": 0.4185870066015598,
      "seamline_percentage": 9.939343020628465,
      "errors_2d": {}
    }
  },
  "comparison": {
    "rmse_improvement": {
      "percentage": 0.17546844586324126,
      "absolute": 0.01725530320628721,
      "with_gcps": 9.816594379223714,
      "without_gcps": 9.833849682430001
    },
    "mae_improvement": {
      "percentage": -0.06608326537537718,
      "absolute": -0.0684967507645382,
      "with_gcps": 103.72068520642203,
      "without_gcps": 103.6521884556575
    },
    "similarity_improvement": {
      "percentage": -0.030193878671318362,
      "absolute": -0.00012638765290717835,
      "with_gcps": 0.4184606189486526,
      "without_gcps": 0.4185870066015598
    },
    "seamline_reduction": {
      "percentage": -0.006403688524590615,
      "absolute": -0.0006364845684316833,
      "with_gcps": 9.939979505196897,
      "without_gcps": 9.939343020628465
    }
  }
}